{"AP": {"pendency": {"0-1": 26.08695652173913, "1-2": 30.434782608695652, "2-3": 17.391304347826086, "3-5": 18.47826086956522, "5+": 7.608695652173913}}, "AS": {"pendency": {"0-1": 56.626506024096386, "1-2": 7.228915662650603, "2-3": 14.457831325301205, "3-5": 8.433734939759036, "5+": 13.25301204819277}}, "DL": {"pendency": {"0-1": 68.75, "1-2": 18.75, "3-5": 12.5}}, "JH": {"pendency": {"0-1": 87.03703703703704, "1-2": 4.62962962962963, "2-3": 1.8518518518518519, "3-5": 4.166666666666667, "5+": 2.314814814814815}}, "KA": {"pendency": {"0-1": 81.81818181818181, "1-2": 9.090909090909092, "3-5": 9.090909090909092}}, "MH": {"pendency": {"0-1": 48.048780487804876, "1-2": 10.731707317073171, "2-3": 14.390243902439025, "3-5": 20.975609756097562, "5+": 5.853658536585366}}, "RJ": {"pendency": {"0-1": 52.69461077844311, "1-2": 18.562874251497007, "2-3": 9.580838323353293, "3-5": 14.37125748502994, "5+": 4.790419161676646}}, "TG": {"pendency": {"0-1": 11.11111111111111, "1-2": 16.666666666666668, "2-3": 38.888888888888886, "3-5": 11.11111111111111, "5+": 22.22222222222222}}, "TN": {"pendency": {"0-1": 71.42857142857143, "2-3": 14.285714285714286, "3-5": 14.285714285714286}}, "UP": {"pendency": {"0-1": 91.17647058823529, "1-2": 5.882352941176471, "2-3": 1.4705882352941178, "3-5": 1.4705882352941178}}, "WB": {"pendency": {"0-1": 42.42424242424242, "1-2": 9.090909090909092, "2-3": 3.0303030303030303, "3-5": 24.242424242424242, "5+": 21.21212121212121}}, "TT": {"pendency": {"0-1": 59.62, "1-2": 11.52, "2-3": 9.92, "3-5": 12.87, "5+": 5.55}}}
