{"AP": {"districts": {"Ananthapur": {"pendency": {"0-1": 66.66666666666667, "1-2": 33.333333333333336}}, "Chittoor": {"pendency": {"1-2": 100.0}}, "East Godavari": {"pendency": {"1-2": 20.0, "2-3": 40.0, "3-5": 40.0}}, "Guntur": {"pendency": {"0-1": 25.0, "1-2": 25.0, "2-3": 25.0, "3-5": 25.0}}, "Kadapa": {"pendency": {"0-1": 71.42857142857143, "1-2": 28.571428571428573}}, "Krishna": {"pendency": {"0-1": 40.0, "1-2": 20.0, "2-3": 20.0, "5+": 20.0}}, "Kurnool": {"pendency": {"0-1": 50.0, "2-3": 50.0}}, "Nellore": {"pendency": {"1-2": 66.66666666666667, "2-3": 33.333333333333336}}, "Prakasham": {"pendency": {"1-2": 33.333333333333336, "2-3": 33.333333333333336, "3-5": 33.333333333333336}}, "Srikakulam": {"pendency": {"0-1": 33.333333333333336, "1-2": 33.333333333333336, "3-5": 33.333333333333336}}, "Visakapatnam": {"pendency": {"0-1": 20.0, "1-2": 24.444444444444443, "2-3": 17.77777777777778, "3-5": 24.444444444444443, "5+": 13.333333333333334}}, "Vizianagaram": {"pendency": {"0-1": 25.0, "1-2": 62.5, "2-3": 12.5}}, "West Godavari": {"pendency": {"0-1": 50.0, "3-5": 50.0}}}, "pendency": {"0-1": 26.08695652173913, "1-2": 30.434782608695652, "2-3": 17.391304347826086, "3-5": 18.47826086956522, "5+": 7.608695652173913}}, "AS": {"districts": {"Cachar": {"pendency": {"0-1": 100.0}}, "Dhemaji": {"pendency": {"0-1": 100.0}}, "Dibrugarh": {"pendency": {"5+": 100.0}}, "Golaghat": {"pendency": {"0-1": 66.66666666666667, "3-5": 33.333333333333336}}, "Hailakandi": {"pendency": {"0-1": 100.0}}, "Jorhat": {"pendency": {"0-1": 100.0}}, "Kamrup": {"pendency": {"0-1": 50.0, "2-3": 50.0}}, "Kamrup Metro": {"pendency": {"0-1": 37.5, "1-2": 5.0, "2-3": 20.0, "3-5": 12.5, "5+": 25.0}}, "Karimganj": {"pendency": {"0-1": 50.0, "2-3": 50.0}}, "Lakhimpur": {"pendency": {"0-1": 100.0}}, "Morigaon": {"pendency": {"0-1": 50.0, "1-2": 50.0}}, "Nagaon": {"pendency": {"0-1": 100.0}}, "Nalbari": {"pendency": {"0-1": 100.0}}, "Sivasagar": {"pendency": {"1-2": 100.0}}, "Sonitpur": {"pendency": {"0-1": 50.0, "1-2": 25.0, "3-5": 25.0}}, "Tinsukia": {"pendency": {"0-1": 50.0, "1-2": 16.666666666666668, "2-3": 33.333333333333336}}}, "pendency": {"0-1": 56.626506024096386, "1-2": 7.228915662650603, "2-3": 14.457831325301205, "3-5": 8.433734939759036, "5+": 13.25301204819277}}, "DL": {"districts": {"New Delhi": {"pendency": {"0-1": 50.0, "1-2": 50.0}}, "South": {"pendency": {"0-1": 85.71428571428571, "1-2": 14.285714285714286}}, "South East": {"pendency": {"0-1": 66.66666666666667, "1-2": 33.333333333333336}}, "South West": {"pendency": {"0-1": 100.0}}, "West": {"pendency": {"0-1": 33.333333333333336, "3-5": 66.66666666666667}}}, "pendency": {"0-1": 68.75, "1-2": 18.75, "3-5": 12.5}}, "JH": {"districts": {"Chatra": {"pendency": {"0-1": 100.0}}, "Daltonganj": {"pendency": {"0-1": 87.5, "1-2": 12.5}}, "Deoghar": {"pendency": {"0-1": 89.28571428571429, "3-5": 7.142857142857143, "5+": 3.5714285714285716}}, "Dumka": {"pendency": {"0-1": 100.0}}, "East Singhbhum at Jamshedpur": {"pendency": {"0-1": 76.0, "1-2": 4.0, "2-3": 8.0, "3-5": 4.0, "5+": 8.0}}, "Garhwa": {"pendency": {"0-1": 100.0}}, "Giridih": {"pendency": {"0-1": 79.3103448275862, "1-2": 8.620689655172415, "2-3": 1.7241379310344827, "3-5": 6.896551724137931, "5+": 3.4482758620689653}}, "Godda": {"pendency": {"0-1": 100.0}}, "Hazaribagh": {"pendency": {"0-1": 100.0}}, "Jamtara": {"pendency": {"0-1": 100.0}}, "Koderma": {"pendency": {"0-1": 94.44444444444444, "3-5": 5.555555555555555}}, "Latehar": {"pendency": {"0-1": 100.0}}, "Lohardaga": {"pendency": {"0-1": 50.0, "2-3": 50.0}}, "Pakur": {"pendency": {"0-1": 100.0}}, "RAMGARH": {"pendency": {"0-1": 100.0}}, "Ranchi": {"pendency": {"0-1": 87.5, "1-2": 12.5}}, "Sahibganj": {"pendency": {"0-1": 50.0, "1-2": 25.0, "3-5": 25.0}}, "Seraikella": {"pendency": {"0-1": 100.0}}, "Simdega": {"pendency": {"0-1": 100.0}}, "West Singhbhum at Chaibasa": {"pendency": {"0-1": 50.0, "1-2": 50.0}}}, "pendency": {"0-1": 87.03703703703704, "1-2": 4.62962962962963, "2-3": 1.8518518518518519, "3-5": 4.166666666666667, "5+": 2.314814814814815}}, "KA": {"districts": {"BENGALURU": {"pendency": {"1-2": 50.0, "3-5": 50.0}}, "MYSURU": {"pendency": {"0-1": 100.0}}}, "pendency": {"0-1": 81.81818181818181, "1-2": 9.090909090909092, "3-5": 9.090909090909092}}, "MH": {"districts": {"Ahmednagar": {"pendency": {"0-1": 25.0, "3-5": 50.0, "5+": 25.0}}, "Akola": {"pendency": {"0-1": 75.0, "3-5": 25.0}}, "Amravati": {"pendency": {"0-1": 16.666666666666668, "1-2": 8.333333333333334, "2-3": 25.0, "3-5": 41.666666666666664, "5+": 8.333333333333334}}, "Aurangabad": {"pendency": {"0-1": 52.54237288135593, "1-2": 8.474576271186441, "2-3": 16.949152542372882, "3-5": 20.338983050847457, "5+": 1.694915254237288}}, "Beed": {"pendency": {"0-1": 50.0, "1-2": 7.142857142857143, "2-3": 7.142857142857143, "3-5": 28.571428571428573, "5+": 7.142857142857143}}, "Bhandara": {"pendency": {"5+": 100.0}}, "Buldhana": {"pendency": {"0-1": 56.25, "1-2": 6.25, "3-5": 25.0, "5+": 12.5}}, "Chandrapur": {"pendency": {"0-1": 18.181818181818183, "1-2": 18.181818181818183, "2-3": 18.181818181818183, "3-5": 27.272727272727273, "5+": 18.181818181818183}}, "Dhule": {"pendency": {"0-1": 76.92307692307692, "1-2": 7.6923076923076925, "2-3": 7.6923076923076925, "3-5": 7.6923076923076925}}, "Gadchiroli": {"pendency": {"1-2": 100.0}}, "Gondia": {"pendency": {"2-3": 100.0}}, "Jalgaon": {"pendency": {"0-1": 22.22222222222222, "1-2": 11.11111111111111, "2-3": 44.44444444444444, "3-5": 22.22222222222222}}, "Jalna": {"pendency": {"0-1": 75.0, "1-2": 25.0}}, "Kolhapur": {"pendency": {"1-2": 50.0, "3-5": 50.0}}, "Latur": {"pendency": {"0-1": 83.33333333333333, "3-5": 16.666666666666668}}, "Mumbai CMM Courts": {"pendency": {"0-1": 57.69230769230769, "1-2": 11.538461538461538, "2-3": 15.384615384615385, "3-5": 7.6923076923076925, "5+": 7.6923076923076925}}, "Nagpur": {"pendency": {"0-1": 44.44444444444444, "1-2": 22.22222222222222, "2-3": 22.22222222222222, "3-5": 11.11111111111111}}, "Nanded": {"pendency": {"0-1": 66.66666666666667, "2-3": 33.333333333333336}}, "Nashik": {"pendency": {"0-1": 35.714285714285715, "1-2": 7.142857142857143, "2-3": 21.428571428571427, "3-5": 28.571428571428573, "5+": 7.142857142857143}}, "Parbhani": {"pendency": {"0-1": 75.0, "1-2": 25.0}}, "Pune": {"pendency": {"0-1": 68.57142857142857, "1-2": 7.142857142857143, "2-3": 5.714285714285714, "3-5": 12.857142857142858, "5+": 5.714285714285714}}, "Raigad": {"pendency": {"0-1": 40.0, "1-2": 10.0, "3-5": 40.0, "5+": 10.0}}, "Ratnagiri": {"pendency": {"0-1": 100.0}}, "Sangli": {"pendency": {"1-2": 28.571428571428573, "2-3": 42.857142857142854, "3-5": 28.571428571428573}}, "Satara": {"pendency": {"0-1": 18.181818181818183, "1-2": 9.090909090909092, "2-3": 36.36363636363637, "3-5": 27.272727272727273, "5+": 9.090909090909092}}, "Sindhudurg": {"pendency": {"0-1": 33.333333333333336, "2-3": 66.66666666666667}}, "Solapur": {"pendency": {"0-1": 18.181818181818183, "1-2": 18.181818181818183, "2-3": 18.181818181818183, "3-5": 36.36363636363637, "5+": 9.090909090909092}}, "Thane": {"pendency": {"0-1": 61.36363636363637, "1-2": 9.090909090909092, "2-3": 9.090909090909092, "3-5": 15.909090909090908, "5+": 4.545454545454546}}, "Wardha": {"pendency": {"0-1": 9.090909090909092, "1-2": 9.090909090909092, "2-3": 27.272727272727273, "3-5": 45.45454545454545, "5+": 9.090909090909092}}, "Washim": {"pendency": {"2-3": 50.0, "3-5": 50.0}}, "Yavatmal": {"pendency": {"0-1": 26.666666666666668, "1-2": 20.0, "2-3": 20.0, "3-5": 26.666666666666668, "5+": 6.666666666666667}}}, "pendency": {"0-1": 48.048780487804876, "1-2": 10.731707317073171, "2-3": 14.390243902439025, "3-5": 20.975609756097562, "5+": 5.853658536585366}}, "RJ": {"districts": {"Ajmer": {"pendency": {"1-2": 33.333333333333336, "2-3": 66.66666666666667}}, "Alwar": {"pendency": {"0-1": 25.0, "1-2": 50.0, "2-3": 25.0}}, "Balotra Barmer": {"pendency": {"0-1": 100.0}}, "Banswara": {"pendency": {"0-1": 66.66666666666667, "5+": 33.333333333333336}},